CUSTOMER,SEQUENCE,CUSTOMER_NAME,Division,ORDER_,DESPATCH_,ORDER_LINE,ITEM,DESCRIPTION,QTY,Item_Weight,Total_Weight,Item_Type,Item_Class,Destination_Country,LONG_DANGEROUS_CODE,COMMITED_DATE,EXPECTED_DATE,REQUESTED_SHIP_BY_DATE,CUSTOMER_REQUESTED_DATE,REQUESTED_DATE,CREATION_TIME,RP_STATUS_TIME,PP_STATUS_TIME,PC_Status_Time,CP_Status_Time,CO_Status_Time,ALLOCATION_TIME,PICK_LIST_PRINTED_TIME,STATUS,STOCKROOM,Time_Zone_Hours,CRITICALITY,Carrier,Dispatch_method,Customer_Reference,Terms_of_Delivery,PACKING,Fiscal_Document_Type,Tax_Engine_Status,Pre_Carriage_Load_ID,Main_Carriage_Load_ID,LATE_SHIP_DATE,LATE_SHIP_TIME,End_User_Name
00102,A01,PAVIMENTO UNIVERSAL SA             ,STATCORE            ,0036749,12,2,LCFLETE-C&S,FLETES C&S                          ,1.00,0.000,0.000,L,OT,,,yyyy-MM-dd,yyyy-MM-dd,yyyy-MM-dd,yyyy-MM-dd,2024-05-09,2025-12-05 16:13:53,,,,,,2025-12-05 16:13:52,2025-12-05 16:13:53,PP,01,-6:00,2,,,,CIP,,,,,,,00:00:00,PAVIMENTO UNIVERSAL SA             
DRP40,001,CONTINENTAL GOLD LIMITED SUCURSAL C,PARTSERV            ,0044192,01,34,BG00955608,MAINTENANCE KIT TH430 500H          ,1.00,26.000,26.000,K,LT,,,yyyy-MM-dd,yyyy-MM-dd,yyyy-MM-dd,yyyy-MM-dd,2025-12-05,2025-12-05 15:25:55,,,,,,2025-12-05 16:19:23,2025-12-05 16:19:23,PP,01,-6:00,3,,,,CIP,,,,,,,00:00:00,CONTINENTAL GOLD LIMITED SUCURSAL C
DRP40,001,CONTINENTAL GOLD LIMITED SUCURSAL C,PARTSERV            ,0044192,01,35,BG00955611,MAINTENANCE KIT TH430 1000H         ,1.00,21.000,21.000,K,LT,,,yyyy-MM-dd,yyyy-MM-dd,yyyy-MM-dd,yyyy-MM-dd,2025-12-05,2025-12-05 15:25:55,,,,,,2025-12-05 16:19:23,2025-12-05 16:19:23,PP,01,-6:00,3,,,,CIP,,,,,,,00:00:00,CONTINENTAL GOLD LIMITED SUCURSAL C
DRP40,001,CONTINENTAL GOLD LIMITED SUCURSAL C,PARTSERV            ,0044192,01,36,BG01435870,LED LIGHT                           ,1.00,1.420,1.420,P,DR,,,yyyy-MM-dd,yyyy-MM-dd,yyyy-MM-dd,yyyy-MM-dd,2025-12-05,2025-12-05 15:25:55,,,,,,2025-12-05 16:19:23,2025-12-05 16:19:23,PP,01,-6:00,3,,,,CIP,,,,,,,00:00:00,CONTINENTAL GOLD LIMITED SUCURSAL C
DRP40,001,CONTINENTAL GOLD LIMITED SUCURSAL C,PARTSERV            ,0044192,01,20,70534417,STOP PLATE                          ,1.00,0.420,0.420,P,DS,,,yyyy-MM-dd,yyyy-MM-dd,yyyy-MM-dd,yyyy-MM-dd,2025-12-05,2025-12-05 15:25:54,,,,,,2025-12-05 16:19:22,2025-12-05 16:19:23,PP,01,-6:00,3,,,,CIP,,,,,,,00:00:00,CONTINENTAL GOLD LIMITED SUCURSAL C
DRP40,001,CONTINENTAL GOLD LIMITED SUCURSAL C,PARTSERV            ,0044192,01,22,73692715,NUT                                 ,16.00,0.020,0.320,P,DS,,,yyyy-MM-dd,yyyy-MM-dd,yyyy-MM-dd,yyyy-MM-dd,2025-12-05,2025-12-05 15:25:54,,,,,,2025-12-05 16:19:22,2025-12-05 16:19:23,PP,01,-6:00,3,,,,CIP,,,,,,,00:00:00,CONTINENTAL GOLD LIMITED SUCURSAL C
DRP40,001,CONTINENTAL GOLD LIMITED SUCURSAL C,PARTSERV            ,0044192,01,23,73692723,NUT                                 ,23.00,0.040,0.920,P,DS,,,yyyy-MM-dd,yyyy-MM-dd,yyyy-MM-dd,yyyy-MM-dd,2025-12-05,2025-12-05 15:25:54,,,,,,2025-12-05 16:19:22,2025-12-05 16:19:23,PP,01,-6:00,3,,,,CIP,,,,,,,00:00:00,CONTINENTAL GOLD LIMITED SUCURSAL C
DRP40,001,CONTINENTAL GOLD LIMITED SUCURSAL C,PARTSERV            ,0044192,01,24,73930192,WIRE ROPE                           ,1.00,1.600,1.600,P,DS,,,yyyy-MM-dd,yyyy-MM-dd,yyyy-MM-dd,yyyy-MM-dd,2025-12-05,2025-12-05 15:25:54,,,,,,2025-12-05 16:19:22,2025-12-05 16:19:23,PP,01,-6:00,3,,,,CIP,,,,,,,00:00:00,CONTINENTAL GOLD LIMITED SUCURSAL C
DRP40,001,CONTINENTAL GOLD LIMITED SUCURSAL C,PARTSERV            ,0044192,01,25,73930193,WIRE ROPE                           ,1.00,3.400,3.400,P,DS,,,yyyy-MM-dd,yyyy-MM-dd,yyyy-MM-dd,yyyy-MM-dd,2025-12-05,2025-12-05 15:25:54,,,,,,2025-12-05 16:19:22,2025-12-05 16:19:23,PP,01,-6:00,3,,,,CIP,,,,,,,00:00:00,CONTINENTAL GOLD LIMITED SUCURSAL C
DRP40,001,CONTINENTAL GOLD LIMITED SUCURSAL C,PARTSERV            ,0044192,01,26,85443529,V-BELT                              ,2.00,0.080,0.160,P,DR,,,yyyy-MM-dd,yyyy-MM-dd,yyyy-MM-dd,yyyy-MM-dd,2025-12-05,2025-12-05 15:25:54,,,,,,2025-12-05 16:19:22,2025-12-05 16:19:23,PP,01,-6:00,3,,,,CIP,,,,,,,00:00:00,CONTINENTAL GOLD LIMITED SUCURSAL C
DRP40,001,CONTINENTAL GOLD LIMITED SUCURSAL C,PARTSERV            ,0044192,01,27,88815329,RELAY BASE                          ,1.00,0.020,0.020,P,DR,,,yyyy-MM-dd,yyyy-MM-dd,yyyy-MM-dd,yyyy-MM-dd,2025-12-05,2025-12-05 15:25:54,,,,,,2025-12-05 16:19:22,2025-12-05 16:19:23,PP,01,-6:00,3,,,,CIP,,,,,,,00:00:00,CONTINENTAL GOLD LIMITED SUCURSAL C
DRP40,001,CONTINENTAL GOLD LIMITED SUCURSAL C,PARTSERV            ,0044192,01,28,88818359,U-SEAL                              ,3.00,0.020,0.060,P,DR,,,yyyy-MM-dd,yyyy-MM-dd,yyyy-MM-dd,yyyy-MM-dd,2025-12-05,2025-12-05 15:25:54,,,,,,2025-12-05 16:19:22,2025-12-05 16:19:23,PP,01,-6:00,3,,,,CIP,,,,,,,00:00:00,CONTINENTAL GOLD LIMITED SUCURSAL C
DRP40,001,CONTINENTAL GOLD LIMITED SUCURSAL C,PARTSERV            ,0044192,01,30,BG00323348,OIL AND AIR FILTER KIT              ,2.00,1.100,2.200,P,DR,,,yyyy-MM-dd,yyyy-MM-dd,yyyy-MM-dd,yyyy-MM-dd,2025-12-05,2025-12-05 15:25:54,,,,,,2025-12-05 16:19:23,2025-12-05 16:19:23,PP,01,-6:00,3,,,,CIP,,,,,,,00:00:00,CONTINENTAL GOLD LIMITED SUCURSAL C
DRP40,001,CONTINENTAL GOLD LIMITED SUCURSAL C,PARTSERV            ,0044192,01,31,BG00443705,MAINTENANCE KIT TH540/TH550 250H    ,2.00,24.500,49.000,K,LT,,,yyyy-MM-dd,yyyy-MM-dd,yyyy-MM-dd,yyyy-MM-dd,2025-12-05,2025-12-05 15:25:54,,,,,,2025-12-05 16:19:23,2025-12-05 16:19:23,PP,01,-6:00,3,,,,CIP,,,,,,,00:00:00,CONTINENTAL GOLD LIMITED SUCURSAL C
DRP40,001,CONTINENTAL GOLD LIMITED SUCURSAL C,PARTSERV            ,0044192,01,32,BG00482480,"BELT, V, POLYGROOVE                 ",2.00,0.180,0.360,P,LT,,,yyyy-MM-dd,yyyy-MM-dd,yyyy-MM-dd,yyyy-MM-dd,2025-12-05,2025-12-05 15:25:54,,,,,,2025-12-05 16:19:23,2025-12-05 16:19:23,PP,01,-6:00,3,,,,CIP,,,,,,,00:00:00,CONTINENTAL GOLD LIMITED SUCURSAL C
DRP40,001,CONTINENTAL GOLD LIMITED SUCURSAL C,PARTSERV            ,0044192,01,5,55003400,SCREW                               ,8.00,0.280,2.240,P,DR,,,yyyy-MM-dd,yyyy-MM-dd,yyyy-MM-dd,yyyy-MM-dd,2025-12-05,2025-12-05 15:25:53,,,,,,2025-12-05 16:19:21,2025-12-05 16:19:23,PP,01,-6:00,3,,,,CIP,,,,,,,00:00:00,CONTINENTAL GOLD LIMITED SUCURSAL C
DRP40,001,CONTINENTAL GOLD LIMITED SUCURSAL C,PARTSERV            ,0044192,01,8,55050828,DRIVER (BRONZE)                     ,2.00,2.220,4.440,P,DR,,,yyyy-MM-dd,yyyy-MM-dd,yyyy-MM-dd,yyyy-MM-dd,2025-12-05,2025-12-05 15:25:53,,,,,,2025-12-05 16:19:21,2025-12-05 16:19:23,PP,01,-6:00,3,,,,CIP,,,,,,,00:00:00,CONTINENTAL GOLD LIMITED SUCURSAL C
DRP40,001,CONTINENTAL GOLD LIMITED SUCURSAL C,PARTSERV            ,0044192,01,9,55071773,"FILTER ELEMENT, AIR                 ",5.00,0.300,1.500,P,DR,,,yyyy-MM-dd,yyyy-MM-dd,yyyy-MM-dd,yyyy-MM-dd,2025-12-05,2025-12-05 15:25:53,,,,,,2025-12-05 16:19:21,2025-12-05 16:19:23,PP,01,-6:00,3,,,,CIP,,,,,,,00:00:00,CONTINENTAL GOLD LIMITED SUCURSAL C
DRP40,001,CONTINENTAL GOLD LIMITED SUCURSAL C,PARTSERV            ,0044192,01,10,55071791,FILTER                              ,5.00,0.120,0.600,P,DR,,,yyyy-MM-dd,yyyy-MM-dd,yyyy-MM-dd,yyyy-MM-dd,2025-12-05,2025-12-05 15:25:53,,,,,,2025-12-05 16:19:21,2025-12-05 16:19:23,PP,01,-6:00,3,,,,CIP,,,,,,,00:00:00,CONTINENTAL GOLD LIMITED SUCURSAL C
DRP40,001,CONTINENTAL GOLD LIMITED SUCURSAL C,PARTSERV            ,0044192,01,11,56002679,"SWITCH, PRESSURE                    ",2.00,0.080,0.160,P,LT,,,yyyy-MM-dd,yyyy-MM-dd,yyyy-MM-dd,yyyy-MM-dd,2025-12-05,2025-12-05 15:25:53,,,,,,2025-12-05 16:19:21,2025-12-05 16:19:23,PP,01,-6:00,3,,,,CIP,,,,,,,00:00:00,CONTINENTAL GOLD LIMITED SUCURSAL C
DRP40,001,CONTINENTAL GOLD LIMITED SUCURSAL C,PARTSERV            ,0044192,01,12,56027777,"SWITCH, PRESSURE                    ",3.00,0.050,0.150,P,LT,,,yyyy-MM-dd,yyyy-MM-dd,yyyy-MM-dd,yyyy-MM-dd,2025-12-05,2025-12-05 15:25:53,,,,,,2025-12-05 16:19:21,2025-12-05 16:19:23,PP,01,-6:00,3,,,,CIP,,,,,,,00:00:00,CONTINENTAL GOLD LIMITED SUCURSAL C
DRP40,001,CONTINENTAL GOLD LIMITED SUCURSAL C,PARTSERV            ,0044192,01,13,56033150,"PAD, RUBBER                         ",9.00,0.150,1.350,P,LT,,,yyyy-MM-dd,yyyy-MM-dd,yyyy-MM-dd,yyyy-MM-dd,2025-12-05,2025-12-05 15:25:53,,,,,,2025-12-05 16:19:21,2025-12-05 16:19:23,PP,01,-6:00,3,,,,CIP,,,,,,,00:00:00,CONTINENTAL GOLD LIMITED SUCURSAL C
DRP40,001,CONTINENTAL GOLD LIMITED SUCURSAL C,PARTSERV            ,0044192,01,14,56040821,FILTER ELEMENT                      ,5.00,3.160,15.800,P,LT,,,yyyy-MM-dd,yyyy-MM-dd,yyyy-MM-dd,yyyy-MM-dd,2025-12-05,2025-12-05 15:25:53,,,,,,2025-12-05 16:19:21,2025-12-05 16:19:23,PP,01,-6:00,3,,,,CIP,,,,,,,00:00:00,CONTINENTAL GOLD LIMITED SUCURSAL C
DRP40,001,CONTINENTAL GOLD LIMITED SUCURSAL C,PARTSERV            ,0044192,01,15,56040822,SAFETY ELEMENT                      ,5.00,0.580,2.900,P,LT,,,yyyy-MM-dd,yyyy-MM-dd,yyyy-MM-dd,yyyy-MM-dd,2025-12-05,2025-12-05 15:25:53,,,,,,2025-12-05 16:19:21,2025-12-05 16:19:23,PP,01,-6:00,3,,,,CIP,,,,,,,00:00:00,CONTINENTAL GOLD LIMITED SUCURSAL C
DRP40,001,CONTINENTAL GOLD LIMITED SUCURSAL C,PARTSERV            ,0044192,01,16,56049465,V-BELT                              ,1.00,0.180,0.180,P,LT,,,yyyy-MM-dd,yyyy-MM-dd,yyyy-MM-dd,yyyy-MM-dd,2025-12-05,2025-12-05 15:25:53,,,,,,2025-12-05 16:19:21,2025-12-05 16:19:23,PP,01,-6:00,3,,,,CIP,,,,,,,00:00:00,CONTINENTAL GOLD LIMITED SUCURSAL C
DRP40,001,CONTINENTAL GOLD LIMITED SUCURSAL C,PARTSERV            ,0044192,01,17,56049719,BELT                                ,1.00,0.290,0.290,P,LT,,,yyyy-MM-dd,yyyy-MM-dd,yyyy-MM-dd,yyyy-MM-dd,2025-12-05,2025-12-05 15:25:53,,,,,,2025-12-05 16:19:21,2025-12-05 16:19:23,PP,01,-6:00,3,,,,CIP,,,,,,,00:00:00,CONTINENTAL GOLD LIMITED SUCURSAL C
DRP40,001,CONTINENTAL GOLD LIMITED SUCURSAL C,PARTSERV            ,0044192,01,18,56209700,LIGHT                               ,2.00,1.310,2.620,P,LT,,,yyyy-MM-dd,yyyy-MM-dd,yyyy-MM-dd,yyyy-MM-dd,2025-12-05,2025-12-05 15:25:53,,,,,,2025-12-05 16:19:22,2025-12-05 16:19:23,PP,01,-6:00,3,,,,CIP,,,,,,,00:00:00,CONTINENTAL GOLD LIMITED SUCURSAL C
DRP40,001,CONTINENTAL GOLD LIMITED SUCURSAL C,PARTSERV            ,0044192,01,19,70450667,SKID                                ,2.00,4.000,8.000,P,DS,,,yyyy-MM-dd,yyyy-MM-dd,yyyy-MM-dd,yyyy-MM-dd,2025-12-05,2025-12-05 15:25:53,,,,,,2025-12-05 16:19:22,2025-12-05 16:19:23,PP,01,-6:00,3,,,,CIP,,,,,,,00:00:00,CONTINENTAL GOLD LIMITED SUCURSAL C
DRP40,001,CONTINENTAL GOLD LIMITED SUCURSAL C,PARTSERV            ,0044192,01,1,08471043,BULB                                ,4.00,0.020,0.080,P,LT,,,yyyy-MM-dd,yyyy-MM-dd,yyyy-MM-dd,yyyy-MM-dd,2025-12-05,2025-12-05 15:25:52,,,,,,2025-12-05 16:19:20,2025-12-05 16:19:23,PP,01,-6:00,3,,,,CIP,,,,,,,00:00:00,CONTINENTAL GOLD LIMITED SUCURSAL C
DRP40,001,CONTINENTAL GOLD LIMITED SUCURSAL C,PARTSERV            ,0044192,01,2,09260298,DIAPHRAGM                           ,6.00,0.040,0.240,P,DR,,,yyyy-MM-dd,yyyy-MM-dd,yyyy-MM-dd,yyyy-MM-dd,2025-12-05,2025-12-05 15:25:52,,,,,,2025-12-05 16:19:20,2025-12-05 16:19:23,PP,01,-6:00,3,,,,CIP,,,,,,,00:00:00,CONTINENTAL GOLD LIMITED SUCURSAL C
DRP40,001,CONTINENTAL GOLD LIMITED SUCURSAL C,PARTSERV            ,0044192,01,4,15274408,"BEARING BUSHING, FRONT COVER        ",2.00,0.400,0.800,P,DR,,,yyyy-MM-dd,yyyy-MM-dd,yyyy-MM-dd,yyyy-MM-dd,2025-12-05,2025-12-05 15:25:52,,,,,,2025-12-05 16:19:21,2025-12-05 16:19:23,PP,01,-6:00,3,,,,CIP,,,,,,,00:00:00,CONTINENTAL GOLD LIMITED SUCURSAL C
DRP33,001,ANTIOQUIA GOLD LTD                 ,ROTO_TOT            ,0044138,04,2,7304-3656-01,SHANK T38 COP1440/1638/1838/2238    ,1.00,4.480,4.480,T,TH,,,yyyy-MM-dd,yyyy-MM-dd,yyyy-MM-dd,yyyy-MM-dd,2025-12-02,2025-12-02 07:42:07,,,,,,2025-12-05 16:08:27,2025-12-05 16:08:28,PP,01,-6:00,3,,,,CIP,,,,,,,00:00:00,ANTIOQUIA GOLD LTD                 
DRPXY,001,ARIS MINING MARMATO S.A.S          ,ROTO_TOT            ,0044136,02,9,7739-5238-S70,DRIFTER BIT R28 38MM                ,6.00,0.577,3.462,T,TH,,,yyyy-MM-dd,yyyy-MM-dd,yyyy-MM-dd,yyyy-MM-dd,2025-12-02,2025-12-02 07:33:00,,,,,,2025-12-05 16:13:54,2025-12-05 16:13:54,PP,01,-6:00,3,,,,CIP,,,,,,,00:00:00,ARIS MINING MARMATO S.A.S          
DRPMR,001,MINERA EL ROBLE                    ,ROTO_TOT            ,0044052,04,4,7732-5238-S48,BUTTON BIT R25 38MM RT300           ,5.00,0.450,2.250,T,TH,,,yyyy-MM-dd,yyyy-MM-dd,yyyy-MM-dd,yyyy-MM-dd,2025-11-25,2025-11-25 08:22:19,,,,,,2025-12-05 16:08:27,2025-12-05 16:08:27,PP,01,-6:00,3,,,,CIP,,,,,,,00:00:00,MINERA EL ROBLE                    
DRP40,001,CONTINENTAL GOLD LIMITED SUCURSAL C,PARTSERV            ,0043942,05,9,56016050,SEAL KIT                            ,3.00,0.140,0.420,P,LT,,,yyyy-MM-dd,yyyy-MM-dd,yyyy-MM-dd,yyyy-MM-dd,2025-11-17,2025-11-17 16:02:21,,,,,,2025-12-05 16:08:27,2025-12-05 16:08:27,PP,01,-6:00,3,,,,CIP,,,,,,,00:00:00,CONTINENTAL GOLD LIMITED SUCURSAL C
00093,A01,ARIS MINING SEGOVIA                ,PARTSERV            ,0043870,05,4,08900950,SHOCK ABSORBER SET                  ,3.00,0.414,1.242,P,LT,,,yyyy-MM-dd,yyyy-MM-dd,yyyy-MM-dd,yyyy-MM-dd,2025-11-13,2025-11-07 15:59:44,,,,,,2025-12-05 16:13:53,2025-12-05 16:13:54,PP,01,-6:00,2,,,,CIP,,,,,,,00:00:00,ARIS MINING SEGOVIA                
00457,A01,GEICA SAS                          ,PARTSERV            ,0043835,01,1,LCFLETE,FLETES ICA                          ,1.00,0.000,0.000,L,OT,,,yyyy-MM-dd,yyyy-MM-dd,yyyy-MM-dd,yyyy-MM-dd,2025-11-11,2025-11-06 10:44:22,,,,,,2025-12-05 16:13:53,2025-12-05 16:13:53,PP,01,-6:00,2,,,,CIP,,,,,,,00:00:00,GEICA SAS                          
00093,A01,ARIS MINING SEGOVIA                ,PARTSERV            ,0043347,13,2,55050448,DRILL SLEEVE                        ,1.00,1.943,1.943,P,DR,,,yyyy-MM-dd,yyyy-MM-dd,yyyy-MM-dd,yyyy-MM-dd,2025-10-01,2025-09-26 11:52:28,,,,,,2025-12-05 16:13:53,2025-12-05 16:13:53,PP,01,-6:00,2,,,,CIP,,,,,,,00:00:00,ARIS MINING SEGOVIA                
00093,A01,ARIS MINING SEGOVIA                ,PARTSERV            ,0043347,13,10,08900950,SHOCK ABSORBER SET                  ,2.00,0.414,0.828,P,LT,,,yyyy-MM-dd,yyyy-MM-dd,yyyy-MM-dd,yyyy-MM-dd,2025-10-01,2025-09-26 11:52:28,,,,,,2025-12-05 16:13:53,2025-12-05 16:13:53,PP,01,-6:00,2,,,,CIP,,,,,,,00:00:00,ARIS MINING SEGOVIA                
00093,A01,ARIS MINING SEGOVIA                ,PARTSERV            ,0042644,36,3,68088077,"VALVE ASS'Y, WAS DUPL 04695808      ",1.00,4.082,4.082,P,LE,,,yyyy-MM-dd,yyyy-MM-dd,yyyy-MM-dd,yyyy-MM-dd,2025-11-15,2025-08-04 12:57:06,,,,,,2025-12-05 16:13:53,2025-12-05 16:13:53,PP,01,-6:00,2,,,,CIP,,,,,,,00:00:00,ARIS MINING SEGOVIA                
INTBG,QA1,BRANCH BOGOTA                      ,PARTSERV            ,0039852,32,152,BG00243546,PIPE                                ,1.00,3.550,3.550,P,LT,,,yyyy-MM-dd,yyyy-MM-dd,yyyy-MM-dd,yyyy-MM-dd,2025-01-08,2025-01-07 11:59:09,,,,,,2025-12-05 16:19:18,2025-12-05 16:19:20,PP,01,-6:00,2,,,,CIP,,,,,,,00:00:00,SANDVIK COLOMBIA - BOGOTA BRANCH   
INTBG,QA1,BRANCH BOGOTA                      ,PARTSERV            ,0039852,32,153,BG00554933,PIPE                                ,1.00,1.450,1.450,P,LT,,,yyyy-MM-dd,yyyy-MM-dd,yyyy-MM-dd,yyyy-MM-dd,2025-01-08,2025-01-07 11:59:09,,,,,,2025-12-05 16:19:18,2025-12-05 16:19:20,PP,01,-6:00,2,,,,CIP,,,,,,,00:00:00,SANDVIK COLOMBIA - BOGOTA BRANCH   
INTBG,QA1,BRANCH BOGOTA                      ,PARTSERV            ,0039852,32,154,BG00554936,PIPE                                ,1.00,1.103,1.103,P,LT,,,yyyy-MM-dd,yyyy-MM-dd,yyyy-MM-dd,yyyy-MM-dd,2025-01-08,2025-01-07 11:59:09,,,,,,2025-12-05 16:19:18,2025-12-05 16:19:20,PP,01,-6:00,2,,,,CIP,,,,,,,00:00:00,SANDVIK COLOMBIA - BOGOTA BRANCH   
INTBG,QA1,BRANCH BOGOTA                      ,PARTSERV            ,0039852,32,158,AF10510029,"FITTING, MALE STUD CONNECTOR        ",1.00,0.580,0.580,P,LT,,,yyyy-MM-dd,yyyy-MM-dd,yyyy-MM-dd,yyyy-MM-dd,2025-01-08,2025-01-07 11:59:09,,,,,,2025-12-05 16:19:19,2025-12-05 16:19:20,PP,01,-6:00,2,,,,CIP,,,,,,,00:00:00,SANDVIK COLOMBIA - BOGOTA BRANCH   
INTBG,QA1,BRANCH BOGOTA                      ,PARTSERV            ,0039852,32,161,BG00555451,PIPE                                ,1.00,1.240,1.240,P,LT,,,yyyy-MM-dd,yyyy-MM-dd,yyyy-MM-dd,yyyy-MM-dd,2025-01-08,2025-01-07 11:59:09,,,,,,2025-12-05 16:19:19,2025-12-05 16:19:20,PP,01,-6:00,2,,,,CIP,,,,,,,00:00:00,SANDVIK COLOMBIA - BOGOTA BRANCH   
INTBG,QA1,BRANCH BOGOTA                      ,PARTSERV            ,0039852,32,163,56209449,PIPE                                ,1.00,2.600,2.600,P,LT,,,yyyy-MM-dd,yyyy-MM-dd,yyyy-MM-dd,yyyy-MM-dd,2025-01-08,2025-01-07 11:59:09,,,,,,2025-12-05 16:19:19,2025-12-05 16:19:20,PP,01,-6:00,2,,,,CIP,,,,,,,00:00:00,SANDVIK COLOMBIA - BOGOTA BRANCH   
INTBG,QA1,BRANCH BOGOTA                      ,PARTSERV            ,0039852,32,164,06429034,"CLAMP, PIPE   (1PC=TWO HALFS)       ",21.00,0.100,2.100,P,LT,,,yyyy-MM-dd,yyyy-MM-dd,yyyy-MM-dd,yyyy-MM-dd,2025-01-08,2025-01-07 11:59:09,,,,,,2025-12-05 16:19:19,2025-12-05 16:19:20,PP,01,-6:00,2,,,,CIP,,,,,,,00:00:00,SANDVIK COLOMBIA - BOGOTA BRANCH   
INTBG,QA1,BRANCH BOGOTA                      ,PARTSERV            ,0039852,32,166,BG00242854,PIPE                                ,1.00,0.120,0.120,P,LT,,,yyyy-MM-dd,yyyy-MM-dd,yyyy-MM-dd,yyyy-MM-dd,2025-01-08,2025-01-07 11:59:09,,,,,,2025-12-05 16:19:19,2025-12-05 16:19:20,PP,01,-6:00,2,,,,CIP,,,,,,,00:00:00,SANDVIK COLOMBIA - BOGOTA BRANCH   
INTBG,QA1,BRANCH BOGOTA                      ,PARTSERV            ,0039852,32,167,BG00209936,PIPE                                ,1.00,0.076,0.076,P,LT,,,yyyy-MM-dd,yyyy-MM-dd,yyyy-MM-dd,yyyy-MM-dd,2025-01-08,2025-01-07 11:59:09,,,,,,2025-12-05 16:19:19,2025-12-05 16:19:20,PP,01,-6:00,2,,,,CIP,,,,,,,00:00:00,SANDVIK COLOMBIA - BOGOTA BRANCH   
INTBG,QA1,BRANCH BOGOTA                      ,PARTSERV            ,0039852,32,169,73807526,ADAPTER                             ,6.00,0.427,2.562,P,DS,,,yyyy-MM-dd,yyyy-MM-dd,yyyy-MM-dd,yyyy-MM-dd,2025-01-08,2025-01-07 11:59:09,,,,,,2025-12-05 16:19:19,2025-12-05 16:19:20,PP,01,-6:00,2,,,,CIP,,,,,,,00:00:00,SANDVIK COLOMBIA - BOGOTA BRANCH   
INTBG,QA1,BRANCH BOGOTA                      ,PARTSERV            ,0039852,32,170,AF11720003,"FITTING, BLANKING PLUG FOR PORTS    ",2.00,0.020,0.040,P,DR,,,yyyy-MM-dd,yyyy-MM-dd,yyyy-MM-dd,yyyy-MM-dd,2025-01-08,2025-01-07 11:59:09,,,,,,2025-12-05 16:19:19,2025-12-05 16:19:20,PP,01,-6:00,2,,,,CIP,,,,,,,00:00:00,SANDVIK COLOMBIA - BOGOTA BRANCH   
INTBG,QA1,BRANCH BOGOTA                      ,PARTSERV            ,0039852,32,173,BG00872662,"TUBE, DIPSTICK                      ",1.00,1.130,1.130,P,LT,,,yyyy-MM-dd,yyyy-MM-dd,yyyy-MM-dd,yyyy-MM-dd,2025-01-08,2025-01-07 11:59:09,,,,,,2025-12-05 16:19:19,2025-12-05 16:19:20,PP,01,-6:00,2,,,,CIP,,,,,,,00:00:00,SANDVIK COLOMBIA - BOGOTA BRANCH   
INTBG,QA1,BRANCH BOGOTA                      ,PARTSERV            ,0039852,32,174,56023206,DIPSTICK                            ,1.00,0.120,0.120,P,LT,,,yyyy-MM-dd,yyyy-MM-dd,yyyy-MM-dd,yyyy-MM-dd,2025-01-08,2025-01-07 11:59:09,,,,,,2025-12-05 16:19:19,2025-12-05 16:19:20,PP,01,-6:00,2,,,,CIP,,,,,,,00:00:00,SANDVIK COLOMBIA - BOGOTA BRANCH   
INTBG,QA1,BRANCH BOGOTA                      ,PARTSERV            ,0039852,32,175,56041323,OIL LEVEL INDICATOR                 ,1.00,2.060,2.060,P,LT,,,yyyy-MM-dd,yyyy-MM-dd,yyyy-MM-dd,yyyy-MM-dd,2025-01-08,2025-01-07 11:59:09,,,,,,2025-12-05 16:19:19,2025-12-05 16:19:20,PP,01,-6:00,2,,,,CIP,,,,,,,00:00:00,SANDVIK COLOMBIA - BOGOTA BRANCH   
INTBG,QA1,BRANCH BOGOTA                      ,PARTSERV            ,0039852,32,181,AF10590021,"FITTING, MALE STUD CONNECTOR        ",3.00,0.290,0.870,P,LT,,,yyyy-MM-dd,yyyy-MM-dd,yyyy-MM-dd,yyyy-MM-dd,2025-01-08,2025-01-07 11:59:09,,,,,,2025-12-05 16:19:19,2025-12-05 16:19:20,PP,01,-6:00,2,,,,CIP,,,,,,,00:00:00,SANDVIK COLOMBIA - BOGOTA BRANCH   
INTBG,QA1,BRANCH BOGOTA                      ,PARTSERV            ,0039852,32,185,BG00375600,PIPE                                ,1.00,0.197,0.197,P,LT,,,yyyy-MM-dd,yyyy-MM-dd,yyyy-MM-dd,yyyy-MM-dd,2025-01-08,2025-01-07 11:59:09,,,,,,2025-12-05 16:19:19,2025-12-05 16:19:20,PP,01,-6:00,2,,,,CIP,,,,,,,00:00:00,SANDVIK COLOMBIA - BOGOTA BRANCH   
INTBG,QA1,BRANCH BOGOTA                      ,PARTSERV            ,0039852,32,187,BG00375623,PIPE                                ,1.00,0.381,0.381,P,LT,,,yyyy-MM-dd,yyyy-MM-dd,yyyy-MM-dd,yyyy-MM-dd,2025-01-08,2025-01-07 11:59:09,,,,,,2025-12-05 16:19:19,2025-12-05 16:19:20,PP,01,-6:00,2,,,,CIP,,,,,,,00:00:00,SANDVIK COLOMBIA - BOGOTA BRANCH   
INTBG,QA1,BRANCH BOGOTA                      ,PARTSERV            ,0039852,32,188,BG00375634,PIPE                                ,1.00,0.386,0.386,P,LT,,,yyyy-MM-dd,yyyy-MM-dd,yyyy-MM-dd,yyyy-MM-dd,2025-01-08,2025-01-07 11:59:09,,,,,,2025-12-05 16:19:20,2025-12-05 16:19:20,PP,01,-6:00,2,,,,CIP,,,,,,,00:00:00,SANDVIK COLOMBIA - BOGOTA BRANCH   
INTBG,QA1,BRANCH BOGOTA                      ,PARTSERV            ,0039852,32,189,BG00375639,PIPE                                ,1.00,0.712,0.712,P,LT,,,yyyy-MM-dd,yyyy-MM-dd,yyyy-MM-dd,yyyy-MM-dd,2025-01-08,2025-01-07 11:59:09,,,,,,2025-12-05 16:19:20,2025-12-05 16:19:20,PP,01,-6:00,2,,,,CIP,,,,,,,00:00:00,SANDVIK COLOMBIA - BOGOTA BRANCH   
INTBG,QA1,BRANCH BOGOTA                      ,PARTSERV            ,0039852,32,191,BG00534757,AXLE                             RB ,1.00,1647.000,1647.000,C,LT,,,yyyy-MM-dd,yyyy-MM-dd,yyyy-MM-dd,yyyy-MM-dd,2025-01-08,2025-01-07 11:59:09,,,,,,2025-12-05 16:19:20,2025-12-05 16:19:20,PP,01,-6:00,2,,,,CIP,,,,,,,00:00:00,SANDVIK COLOMBIA - BOGOTA BRANCH   
INTBG,QA1,BRANCH BOGOTA                      ,PARTSERV            ,0039852,32,195,AF00101653,"SCREW, HEXAGON HEAD, PARTIAL THREA  ",8.00,0.440,3.520,P,DR,,,yyyy-MM-dd,yyyy-MM-dd,yyyy-MM-dd,yyyy-MM-dd,2025-01-08,2025-01-07 11:59:09,,,,,,2025-12-05 16:19:20,2025-12-05 16:19:20,PP,01,-6:00,2,,,,CIP,,,,,,,00:00:00,SANDVIK COLOMBIA - BOGOTA BRANCH   
INTBG,QA1,BRANCH BOGOTA                      ,PARTSERV            ,0039852,32,205,AF10510003,"FITTING, MALE STUD CONNECTOR        ",1.00,0.050,0.050,P,LT,,,yyyy-MM-dd,yyyy-MM-dd,yyyy-MM-dd,yyyy-MM-dd,2025-01-08,2025-01-07 11:59:09,,,,,,2025-12-05 16:19:20,2025-12-05 16:19:20,PP,01,-6:00,2,,,,CIP,,,,,,,00:00:00,SANDVIK COLOMBIA - BOGOTA BRANCH   
INTBG,QA1,BRANCH BOGOTA                      ,PARTSERV            ,0039852,32,209,56208282,PIPE                                ,1.00,0.284,0.284,P,LT,,,yyyy-MM-dd,yyyy-MM-dd,yyyy-MM-dd,yyyy-MM-dd,2025-01-08,2025-01-07 11:59:09,,,,,,2025-12-05 16:19:20,2025-12-05 16:19:20,PP,01,-6:00,2,,,,CIP,,,,,,,00:00:00,SANDVIK COLOMBIA - BOGOTA BRANCH   
INTBG,QA1,BRANCH BOGOTA                      ,PARTSERV            ,0039852,32,210,56208283,PIPE                                ,1.00,0.200,0.200,P,LT,,,yyyy-MM-dd,yyyy-MM-dd,yyyy-MM-dd,yyyy-MM-dd,2025-01-08,2025-01-07 11:59:09,,,,,,2025-12-05 16:19:20,2025-12-05 16:19:20,PP,01,-6:00,2,,,,CIP,,,,,,,00:00:00,SANDVIK COLOMBIA - BOGOTA BRANCH   
INTBG,QA1,BRANCH BOGOTA                      ,PARTSERV            ,0039852,32,211,56208284,PIPE                                ,1.00,0.490,0.490,P,LT,,,yyyy-MM-dd,yyyy-MM-dd,yyyy-MM-dd,yyyy-MM-dd,2025-01-08,2025-01-07 11:59:09,,,,,,2025-12-05 16:19:20,2025-12-05 16:19:20,PP,01,-6:00,2,,,,CIP,,,,,,,00:00:00,SANDVIK COLOMBIA - BOGOTA BRANCH   
INTBG,QA1,BRANCH BOGOTA                      ,PARTSERV            ,0039852,32,212,56208285,PIPE                                ,1.00,0.100,0.100,P,LT,,,yyyy-MM-dd,yyyy-MM-dd,yyyy-MM-dd,yyyy-MM-dd,2025-01-08,2025-01-07 11:59:09,,,,,,2025-12-05 16:19:20,2025-12-05 16:19:20,PP,01,-6:00,2,,,,CIP,,,,,,,00:00:00,SANDVIK COLOMBIA - BOGOTA BRANCH   

